{"cameraMode":{"drawMode":0,"name":"Shaded","section":"Shading Mode"},"sceneLighting":true,"audioPlay":false,"sceneViewState":{"showFog":true,"showMaterialUpdate":false,"showSkybox":true,"showFlares":true,"showImageEffects":true,"showParticleSystems":true},"in2DMode":false,"pivot":{"x":-1.4103305339813233,"y":-5.673015117645264,"z":0.15607452392578126},"rotation":{"x":0.17488479614257813,"y":0.015384460799396038,"z":-0.0027291488368064167,"w":0.9844696521759033},"size":21.289831161499025,"orthographic":false}